"1","2024_January","20000","devansh","devansh","100","500","3000","3000","1000","250","1000","helo","2024-06-26 15:12:14"
"2","2024_January","20000","suj","devansh","100","500","3000","3000","1000","540","2000","helo","2024-06-26 15:12:14"
"3","2024_January","40000","Devansh","Devansh","50","500","3000","3000","500","200","3000","goa trip","2024-06-26 15:45:40"
"4","2024_January","40000","kashyap","Devansh","80","500","3000","3000","1000","500","4000","goa trip","2024-06-26 15:45:40"
"5","2024_January","40000","venkatesh","Devansh","50","500","3000","3000","1000","100","4000","goa trip","2024-06-26 15:45:40"
"6","2024_January","40000","bhargav","Devansh","80","1000","3000","3000","1000","100","4000","goa trip","2024-06-26 15:45:40"
"7","2024_January","20000","hari","hari","100","500","3000","3000","500","250","3000","example","2024-06-26 15:53:52"
"8","2024_January","20000","venkatesh","hari","100","250","3000","3000","500","250","4000","example","2024-06-26 15:53:52"
"9","2024_July","40000","hari","bhargav","100","1000","3000","3000","1000","500","4000","","2024-06-26 16:10:20"
"10","2024_July","40000","bhargav","bhargav","80","500","3000","3000","500","200","3000","","2024-06-26 16:10:20"
"11","2024_July","40000","kashyap","bhargav","60","500","3000","3000","1000","100","4000","","2024-06-26 16:10:20"
"12","2024_July","40000","venkatesh","bhargav","50","500","3000","3000","1000","100","4000","","2024-06-26 16:10:20"
